BEGIN TRANSACTION;
CREATE TABLE copa2026_historico (
    selecao TEXT,
    copa INTEGER,
    fase_eliminada TEXT,
    jogos INTEGER,
    gols_pro INTEGER,
    gols_contra INTEGER,
    amarelos INTEGER
);
INSERT INTO "copa2026_historico" VALUES('Brasil',2014,'semi',7,11,14,11);
INSERT INTO "copa2026_historico" VALUES('Brasil',2018,'quartas',5,8,3,6);
INSERT INTO "copa2026_historico" VALUES('Brasil',2022,'quartas',5,8,3,5);
INSERT INTO "copa2026_historico" VALUES('Marrocos',2014,'nao_classificou',0,0,0,0);
INSERT INTO "copa2026_historico" VALUES('Marrocos',2018,'grupo',3,2,4,4);
INSERT INTO "copa2026_historico" VALUES('Marrocos',2022,'semi',6,6,5,9);
INSERT INTO "copa2026_historico" VALUES('Escocia',2014,'nao_classificou',0,0,0,0);
INSERT INTO "copa2026_historico" VALUES('Escocia',2018,'nao_classificou',0,0,0,0);
INSERT INTO "copa2026_historico" VALUES('Escocia',2022,'nao_classificou',0,0,0,0);
INSERT INTO "copa2026_historico" VALUES('Haiti',2014,'nao_classificou',0,0,0,0);
INSERT INTO "copa2026_historico" VALUES('Haiti',2018,'nao_classificou',0,0,0,0);
INSERT INTO "copa2026_historico" VALUES('Haiti',2022,'nao_classificou',0,0,0,0);
INSERT INTO "copa2026_historico" VALUES('Mexico',2014,'oitavas',4,5,4,7);
INSERT INTO "copa2026_historico" VALUES('Mexico',2018,'oitavas',4,3,6,8);
INSERT INTO "copa2026_historico" VALUES('Mexico',2022,'grupo',3,2,3,4);
INSERT INTO "copa2026_historico" VALUES('Africa do Sul',2014,'nao_classificou',0,0,0,0);
INSERT INTO "copa2026_historico" VALUES('Africa do Sul',2018,'nao_classificou',0,0,0,0);
INSERT INTO "copa2026_historico" VALUES('Africa do Sul',2022,'nao_classificou',0,0,0,0);
INSERT INTO "copa2026_historico" VALUES('Coreia do Sul',2014,'grupo',3,2,4,5);
INSERT INTO "copa2026_historico" VALUES('Coreia do Sul',2018,'grupo',3,3,3,4);
INSERT INTO "copa2026_historico" VALUES('Coreia do Sul',2022,'oitavas',4,5,6,6);
INSERT INTO "copa2026_historico" VALUES('Tchequia',2014,'nao_classificou',0,0,0,0);
INSERT INTO "copa2026_historico" VALUES('Tchequia',2018,'nao_classificou',0,0,0,0);
INSERT INTO "copa2026_historico" VALUES('Tchequia',2022,'nao_classificou',0,0,0,0);
INSERT INTO "copa2026_historico" VALUES('Canada',2014,'nao_classificou',0,0,0,0);
INSERT INTO "copa2026_historico" VALUES('Canada',2018,'nao_classificou',0,0,0,0);
INSERT INTO "copa2026_historico" VALUES('Canada',2022,'grupo',3,2,4,5);
INSERT INTO "copa2026_historico" VALUES('Bosnia-Herzegovina',2014,'grupo',3,4,4,3);
INSERT INTO "copa2026_historico" VALUES('Bosnia-Herzegovina',2018,'nao_classificou',0,0,0,0);
INSERT INTO "copa2026_historico" VALUES('Bosnia-Herzegovina',2022,'nao_classificou',0,0,0,0);
INSERT INTO "copa2026_historico" VALUES('Catar',2014,'nao_classificou',0,0,0,0);
INSERT INTO "copa2026_historico" VALUES('Catar',2018,'nao_classificou',0,0,0,0);
INSERT INTO "copa2026_historico" VALUES('Catar',2022,'grupo',3,1,7,3);
INSERT INTO "copa2026_historico" VALUES('Suica',2014,'oitavas',4,7,6,7);
INSERT INTO "copa2026_historico" VALUES('Suica',2018,'oitavas',4,6,3,6);
INSERT INTO "copa2026_historico" VALUES('Suica',2022,'oitavas',4,5,9,6);
INSERT INTO "copa2026_historico" VALUES('EUA',2014,'oitavas',4,5,6,6);
INSERT INTO "copa2026_historico" VALUES('EUA',2018,'nao_classificou',0,0,0,0);
INSERT INTO "copa2026_historico" VALUES('EUA',2022,'oitavas',4,3,4,5);
INSERT INTO "copa2026_historico" VALUES('Australia',2014,'grupo',3,3,6,5);
INSERT INTO "copa2026_historico" VALUES('Australia',2018,'grupo',3,2,5,3);
INSERT INTO "copa2026_historico" VALUES('Australia',2022,'oitavas',4,7,6,5);
INSERT INTO "copa2026_historico" VALUES('Paraguai',2014,'nao_classificou',0,0,0,0);
INSERT INTO "copa2026_historico" VALUES('Paraguai',2018,'nao_classificou',0,0,0,0);
INSERT INTO "copa2026_historico" VALUES('Paraguai',2022,'nao_classificou',0,0,0,0);
INSERT INTO "copa2026_historico" VALUES('Turquia',2014,'nao_classificou',0,0,0,0);
INSERT INTO "copa2026_historico" VALUES('Turquia',2018,'nao_classificou',0,0,0,0);
INSERT INTO "copa2026_historico" VALUES('Turquia',2022,'nao_classificou',0,0,0,0);
INSERT INTO "copa2026_historico" VALUES('Franca',2014,'quartas',5,10,3,8);
INSERT INTO "copa2026_historico" VALUES('Franca',2018,'campeao',7,12,6,9);
INSERT INTO "copa2026_historico" VALUES('Franca',2022,'vice',7,16,8,7);
INSERT INTO "copa2026_historico" VALUES('Senegal',2014,'nao_classificou',0,0,0,0);
INSERT INTO "copa2026_historico" VALUES('Senegal',2018,'grupo',3,4,4,6);
INSERT INTO "copa2026_historico" VALUES('Senegal',2022,'oitavas',4,4,3,7);
INSERT INTO "copa2026_historico" VALUES('Noruega',2014,'nao_classificou',0,0,0,0);
INSERT INTO "copa2026_historico" VALUES('Noruega',2018,'nao_classificou',0,0,0,0);
INSERT INTO "copa2026_historico" VALUES('Noruega',2022,'nao_classificou',0,0,0,0);
INSERT INTO "copa2026_historico" VALUES('Iraque',2014,'nao_classificou',0,0,0,0);
INSERT INTO "copa2026_historico" VALUES('Iraque',2018,'nao_classificou',0,0,0,0);
INSERT INTO "copa2026_historico" VALUES('Iraque',2022,'nao_classificou',0,0,0,0);
INSERT INTO "copa2026_historico" VALUES('Argentina',2014,'vice',7,8,4,9);
INSERT INTO "copa2026_historico" VALUES('Argentina',2018,'oitavas',4,6,9,6);
INSERT INTO "copa2026_historico" VALUES('Argentina',2022,'campeao',7,15,8,7);
INSERT INTO "copa2026_historico" VALUES('Argelia',2014,'oitavas',4,7,6,7);
INSERT INTO "copa2026_historico" VALUES('Argelia',2018,'nao_classificou',0,0,0,0);
INSERT INTO "copa2026_historico" VALUES('Argelia',2022,'nao_classificou',0,0,0,0);
INSERT INTO "copa2026_historico" VALUES('Austria',2014,'nao_classificou',0,0,0,0);
INSERT INTO "copa2026_historico" VALUES('Austria',2018,'nao_classificou',0,0,0,0);
INSERT INTO "copa2026_historico" VALUES('Austria',2022,'nao_classificou',0,0,0,0);
INSERT INTO "copa2026_historico" VALUES('Jordania',2014,'nao_classificou',0,0,0,0);
INSERT INTO "copa2026_historico" VALUES('Jordania',2018,'nao_classificou',0,0,0,0);
INSERT INTO "copa2026_historico" VALUES('Jordania',2022,'nao_classificou',0,0,0,0);
CREATE TABLE copa2026_partidas (
    id INTEGER PRIMARY KEY,
    grupo TEXT,
    time_casa TEXT,
    time_fora TEXT,
    gols_casa INTEGER,
    gols_fora INTEGER,
    data TEXT,
    cidade TEXT,
    estadio TEXT,
    rodada INTEGER
);
INSERT INTO "copa2026_partidas" VALUES(1,'A','Mexico','Africa do Sul',2,0,'2026-06-11','Cidade do Mexico','Estadio Azteca',1);
INSERT INTO "copa2026_partidas" VALUES(2,'A','Coreia do Sul','Tchequia',2,1,'2026-06-11','Dallas','AT&T Stadium',1);
INSERT INTO "copa2026_partidas" VALUES(3,'B','Canada','Bosnia-Herzegovina',1,1,'2026-06-13','Toronto','BMO Field',1);
INSERT INTO "copa2026_partidas" VALUES(4,'B','Catar','Suica',1,1,'2026-06-12','Vancouver','BC Place',1);
INSERT INTO "copa2026_partidas" VALUES(5,'C','Haiti','Escocia',0,1,'2026-06-13','Atlanta','Mercedes-Benz Stadium',1);
INSERT INTO "copa2026_partidas" VALUES(6,'C','Brasil','Marrocos',1,1,'2026-06-13','Philadelphia','Lincoln Financial Field',1);
INSERT INTO "copa2026_partidas" VALUES(7,'D','Australia','Turquia',2,0,'2026-06-12','Kansas City','Arrowhead Stadium',1);
INSERT INTO "copa2026_partidas" VALUES(8,'D','EUA','Paraguai',4,1,'2026-06-12','Los Angeles','SoFi Stadium',1);
INSERT INTO "copa2026_partidas" VALUES(9,'I','Franca','Senegal',3,1,'2026-06-14','Miami','Hard Rock Stadium',1);
INSERT INTO "copa2026_partidas" VALUES(10,'I','Noruega','Iraque',4,1,'2026-06-14','Seattle','Lumen Field',1);
INSERT INTO "copa2026_partidas" VALUES(11,'J','Argentina','Argelia',3,0,'2026-06-15','Nova York','MetLife Stadium',1);
INSERT INTO "copa2026_partidas" VALUES(12,'J','Austria','Jordania',3,1,'2026-06-15','Houston','NRG Stadium',1);
CREATE TABLE copa2026_selecoes (
    id INTEGER PRIMARY KEY,
    nome TEXT,
    grupo TEXT,
    confederacao TEXT,
    ranking_fifa INTEGER
);
INSERT INTO "copa2026_selecoes" VALUES(1,'Brasil','C','CONMEBOL',5);
INSERT INTO "copa2026_selecoes" VALUES(2,'Marrocos','C','CAF',14);
INSERT INTO "copa2026_selecoes" VALUES(3,'Escocia','C','UEFA',39);
INSERT INTO "copa2026_selecoes" VALUES(4,'Haiti','C','CONCACAF',83);
INSERT INTO "copa2026_selecoes" VALUES(5,'Mexico','A','CONCACAF',17);
INSERT INTO "copa2026_selecoes" VALUES(6,'Africa do Sul','A','CAF',59);
INSERT INTO "copa2026_selecoes" VALUES(7,'Coreia do Sul','A','AFC',23);
INSERT INTO "copa2026_selecoes" VALUES(8,'Tchequia','A','UEFA',37);
INSERT INTO "copa2026_selecoes" VALUES(9,'Canada','B','CONCACAF',48);
INSERT INTO "copa2026_selecoes" VALUES(10,'Bosnia-Herzegovina','B','UEFA',58);
INSERT INTO "copa2026_selecoes" VALUES(11,'Catar','B','AFC',38);
INSERT INTO "copa2026_selecoes" VALUES(12,'Suica','B','UEFA',19);
INSERT INTO "copa2026_selecoes" VALUES(13,'EUA','D','CONCACAF',13);
INSERT INTO "copa2026_selecoes" VALUES(14,'Australia','D','AFC',25);
INSERT INTO "copa2026_selecoes" VALUES(15,'Paraguai','D','CONMEBOL',62);
INSERT INTO "copa2026_selecoes" VALUES(16,'Turquia','D','UEFA',29);
INSERT INTO "copa2026_selecoes" VALUES(17,'Franca','I','UEFA',2);
INSERT INTO "copa2026_selecoes" VALUES(18,'Senegal','I','CAF',21);
INSERT INTO "copa2026_selecoes" VALUES(19,'Noruega','I','UEFA',31);
INSERT INTO "copa2026_selecoes" VALUES(20,'Iraque','I','AFC',67);
INSERT INTO "copa2026_selecoes" VALUES(21,'Argentina','J','CONMEBOL',1);
INSERT INTO "copa2026_selecoes" VALUES(22,'Argelia','J','CAF',42);
INSERT INTO "copa2026_selecoes" VALUES(23,'Austria','J','UEFA',26);
INSERT INTO "copa2026_selecoes" VALUES(24,'Jordania','J','AFC',87);
CREATE TABLE copa2026_stats (
    nome TEXT PRIMARY KEY,
    grupo TEXT,
    jogos INTEGER,
    vitorias INTEGER,
    empates INTEGER,
    derrotas INTEGER,
    gols_pro INTEGER,
    gols_contra INTEGER,
    saldo_gols INTEGER,
    pontos INTEGER,
    posse_media REAL,
    chutes INTEGER,
    amarelos INTEGER,
    vermelhos INTEGER
);
INSERT INTO "copa2026_stats" VALUES('Brasil','C',1,0,1,0,1,1,0,1,62.0,14,1,0);
INSERT INTO "copa2026_stats" VALUES('Marrocos','C',1,0,1,0,1,1,0,1,38.0,8,2,0);
INSERT INTO "copa2026_stats" VALUES('Escocia','C',1,1,0,0,1,0,1,3,44.0,9,1,0);
INSERT INTO "copa2026_stats" VALUES('Haiti','C',1,0,0,1,0,1,-1,0,56.0,7,3,0);
INSERT INTO "copa2026_stats" VALUES('Mexico','A',1,1,0,0,2,0,2,3,58.0,16,0,0);
INSERT INTO "copa2026_stats" VALUES('Africa do Sul','A',1,0,0,1,0,2,-2,0,42.0,6,2,0);
INSERT INTO "copa2026_stats" VALUES('Coreia do Sul','A',1,1,0,0,2,1,1,3,52.0,13,1,0);
INSERT INTO "copa2026_stats" VALUES('Tchequia','A',1,0,0,1,1,2,-1,0,48.0,10,2,0);
INSERT INTO "copa2026_stats" VALUES('Canada','B',1,0,1,0,1,1,0,1,55.0,11,1,0);
INSERT INTO "copa2026_stats" VALUES('Bosnia-Herzegovina','B',1,0,1,0,1,1,0,1,45.0,8,2,0);
INSERT INTO "copa2026_stats" VALUES('Catar','B',1,0,1,0,1,1,0,1,41.0,7,1,0);
INSERT INTO "copa2026_stats" VALUES('Suica','B',1,0,1,0,1,1,0,1,59.0,13,0,0);
INSERT INTO "copa2026_stats" VALUES('EUA','D',1,1,0,0,4,1,3,3,63.0,19,0,0);
INSERT INTO "copa2026_stats" VALUES('Australia','D',1,1,0,0,2,0,2,3,47.0,12,1,0);
INSERT INTO "copa2026_stats" VALUES('Paraguai','D',1,0,0,1,1,4,-3,0,37.0,8,3,0);
INSERT INTO "copa2026_stats" VALUES('Turquia','D',1,0,0,1,0,2,-2,0,53.0,11,2,0);
INSERT INTO "copa2026_stats" VALUES('Franca','I',1,1,0,0,3,1,2,3,67.0,18,0,0);
INSERT INTO "copa2026_stats" VALUES('Noruega','I',1,1,0,0,4,1,3,3,49.0,17,1,0);
INSERT INTO "copa2026_stats" VALUES('Senegal','I',1,0,0,1,1,3,-2,0,33.0,9,2,0);
INSERT INTO "copa2026_stats" VALUES('Iraque','I',1,0,0,1,1,4,-3,0,51.0,8,3,0);
INSERT INTO "copa2026_stats" VALUES('Argentina','J',1,1,0,0,3,0,3,3,61.0,16,0,0);
INSERT INTO "copa2026_stats" VALUES('Austria','J',1,1,0,0,3,1,2,3,54.0,14,1,0);
INSERT INTO "copa2026_stats" VALUES('Argelia','J',1,0,0,1,0,3,-3,0,39.0,7,2,0);
INSERT INTO "copa2026_stats" VALUES('Jordania','J',1,0,0,1,1,3,-2,0,46.0,8,3,0);
COMMIT;
